"TableName","SeriesCode","LineNumber","LineDescription","TimePeriod","METRIC_NAME","CL_UNIT","UNIT_MULT","DataValue","NoteRef","year","quarter","month","yr_mth"
"T10109","A191RD",1,"Gross domestic product","1947Q1","Chained Dollar IPDs","Level",0,11.141,"T10109",1947,1,2,1947.08333333333
"T10109","A191RD",1,"Gross domestic product","1947Q2","Chained Dollar IPDs","Level",0,11.299,"T10109",1947,2,5,1947.33333333333
"T10109","A191RD",1,"Gross domestic product","1947Q3","Chained Dollar IPDs","Level",0,11.489,"T10109",1947,3,8,1947.58333333333
"T10109","A191RD",1,"Gross domestic product","1947Q4","Chained Dollar IPDs","Level",0,11.772,"T10109",1947,4,11,1947.83333333333
"T10109","A191RD",1,"Gross domestic product","1948Q1","Chained Dollar IPDs","Level",0,11.865,"T10109",1948,1,2,1948.08333333333
"T10109","A191RD",1,"Gross domestic product","1948Q2","Chained Dollar IPDs","Level",0,11.972,"T10109",1948,2,5,1948.33333333333
"T10109","A191RD",1,"Gross domestic product","1948Q3","Chained Dollar IPDs","Level",0,12.193,"T10109",1948,3,8,1948.58333333333
"T10109","A191RD",1,"Gross domestic product","1948Q4","Chained Dollar IPDs","Level",0,12.23,"T10109",1948,4,11,1948.83333333333
"T10109","A191RD",1,"Gross domestic product","1949Q1","Chained Dollar IPDs","Level",0,12.165,"T10109",1949,1,2,1949.08333333333
"T10109","A191RD",1,"Gross domestic product","1949Q2","Chained Dollar IPDs","Level",0,12.043,"T10109",1949,2,5,1949.33333333333
"T10109","A191RD",1,"Gross domestic product","1949Q3","Chained Dollar IPDs","Level",0,11.988,"T10109",1949,3,8,1949.58333333333
"T10109","A191RD",1,"Gross domestic product","1949Q4","Chained Dollar IPDs","Level",0,11.989,"T10109",1949,4,11,1949.83333333333
"T10109","A191RD",1,"Gross domestic product","1950Q1","Chained Dollar IPDs","Level",0,11.97,"T10109",1950,1,2,1950.08333333333
"T10109","A191RD",1,"Gross domestic product","1950Q2","Chained Dollar IPDs","Level",0,12.011,"T10109",1950,2,5,1950.33333333333
"T10109","A191RD",1,"Gross domestic product","1950Q3","Chained Dollar IPDs","Level",0,12.272,"T10109",1950,3,8,1950.58333333333
"T10109","A191RD",1,"Gross domestic product","1950Q4","Chained Dollar IPDs","Level",0,12.502,"T10109",1950,4,11,1950.83333333333
"T10109","A191RD",1,"Gross domestic product","1951Q1","Chained Dollar IPDs","Level",0,12.953,"T10109",1951,1,2,1951.08333333333
"T10109","A191RD",1,"Gross domestic product","1951Q2","Chained Dollar IPDs","Level",0,13.039,"T10109",1951,2,5,1951.33333333333
"T10109","A191RD",1,"Gross domestic product","1951Q3","Chained Dollar IPDs","Level",0,13.047,"T10109",1951,3,8,1951.58333333333
"T10109","A191RD",1,"Gross domestic product","1951Q4","Chained Dollar IPDs","Level",0,13.196,"T10109",1951,4,11,1951.83333333333
"T10109","A191RD",1,"Gross domestic product","1952Q1","Chained Dollar IPDs","Level",0,13.19,"T10109",1952,1,2,1952.08333333333
"T10109","A191RD",1,"Gross domestic product","1952Q2","Chained Dollar IPDs","Level",0,13.206,"T10109",1952,2,5,1952.33333333333
"T10109","A191RD",1,"Gross domestic product","1952Q3","Chained Dollar IPDs","Level",0,13.354,"T10109",1952,3,8,1952.58333333333
"T10109","A191RD",1,"Gross domestic product","1952Q4","Chained Dollar IPDs","Level",0,13.39,"T10109",1952,4,11,1952.83333333333
"T10109","A191RD",1,"Gross domestic product","1953Q1","Chained Dollar IPDs","Level",0,13.393,"T10109",1953,1,2,1953.08333333333
"T10109","A191RD",1,"Gross domestic product","1953Q2","Chained Dollar IPDs","Level",0,13.42,"T10109",1953,2,5,1953.33333333333
"T10109","A191RD",1,"Gross domestic product","1953Q3","Chained Dollar IPDs","Level",0,13.476,"T10109",1953,3,8,1953.58333333333
"T10109","A191RD",1,"Gross domestic product","1953Q4","Chained Dollar IPDs","Level",0,13.501,"T10109",1953,4,11,1953.83333333333
"T10109","A191RD",1,"Gross domestic product","1954Q1","Chained Dollar IPDs","Level",0,13.544,"T10109",1954,1,2,1954.08333333333
"T10109","A191RD",1,"Gross domestic product","1954Q2","Chained Dollar IPDs","Level",0,13.556,"T10109",1954,2,5,1954.33333333333
"T10109","A191RD",1,"Gross domestic product","1954Q3","Chained Dollar IPDs","Level",0,13.574,"T10109",1954,3,8,1954.58333333333
"T10109","A191RD",1,"Gross domestic product","1954Q4","Chained Dollar IPDs","Level",0,13.611,"T10109",1954,4,11,1954.83333333333
"T10109","A191RD",1,"Gross domestic product","1955Q1","Chained Dollar IPDs","Level",0,13.675,"T10109",1955,1,2,1955.08333333333
"T10109","A191RD",1,"Gross domestic product","1955Q2","Chained Dollar IPDs","Level",0,13.731,"T10109",1955,2,5,1955.33333333333
"T10109","A191RD",1,"Gross domestic product","1955Q3","Chained Dollar IPDs","Level",0,13.827,"T10109",1955,3,8,1955.58333333333
"T10109","A191RD",1,"Gross domestic product","1955Q4","Chained Dollar IPDs","Level",0,13.964,"T10109",1955,4,11,1955.83333333333
"T10109","A191RD",1,"Gross domestic product","1956Q1","Chained Dollar IPDs","Level",0,14.104,"T10109",1956,1,2,1956.08333333333
"T10109","A191RD",1,"Gross domestic product","1956Q2","Chained Dollar IPDs","Level",0,14.187,"T10109",1956,2,5,1956.33333333333
"T10109","A191RD",1,"Gross domestic product","1956Q3","Chained Dollar IPDs","Level",0,14.365,"T10109",1956,3,8,1956.58333333333
"T10109","A191RD",1,"Gross domestic product","1956Q4","Chained Dollar IPDs","Level",0,14.423,"T10109",1956,4,11,1956.83333333333
"T10109","A191RD",1,"Gross domestic product","1957Q1","Chained Dollar IPDs","Level",0,14.621,"T10109",1957,1,2,1957.08333333333
"T10109","A191RD",1,"Gross domestic product","1957Q2","Chained Dollar IPDs","Level",0,14.723,"T10109",1957,2,5,1957.33333333333
"T10109","A191RD",1,"Gross domestic product","1957Q3","Chained Dollar IPDs","Level",0,14.811,"T10109",1957,3,8,1957.58333333333
"T10109","A191RD",1,"Gross domestic product","1957Q4","Chained Dollar IPDs","Level",0,14.821,"T10109",1957,4,11,1957.83333333333
"T10109","A191RD",1,"Gross domestic product","1958Q1","Chained Dollar IPDs","Level",0,14.982,"T10109",1958,1,2,1958.08333333333
"T10109","A191RD",1,"Gross domestic product","1958Q2","Chained Dollar IPDs","Level",0,15.025,"T10109",1958,2,5,1958.33333333333
"T10109","A191RD",1,"Gross domestic product","1958Q3","Chained Dollar IPDs","Level",0,15.117,"T10109",1958,3,8,1958.58333333333
"T10109","A191RD",1,"Gross domestic product","1958Q4","Chained Dollar IPDs","Level",0,15.189,"T10109",1958,4,11,1958.83333333333
"T10109","A191RD",1,"Gross domestic product","1959Q1","Chained Dollar IPDs","Level",0,15.224,"T10109",1959,1,2,1959.08333333333
"T10109","A191RD",1,"Gross domestic product","1959Q2","Chained Dollar IPDs","Level",0,15.248,"T10109",1959,2,5,1959.33333333333
"T10109","A191RD",1,"Gross domestic product","1959Q3","Chained Dollar IPDs","Level",0,15.307,"T10109",1959,3,8,1959.58333333333
"T10109","A191RD",1,"Gross domestic product","1959Q4","Chained Dollar IPDs","Level",0,15.367,"T10109",1959,4,11,1959.83333333333
"T10109","A191RD",1,"Gross domestic product","1960Q1","Chained Dollar IPDs","Level",0,15.428,"T10109",1960,1,2,1960.08333333333
"T10109","A191RD",1,"Gross domestic product","1960Q2","Chained Dollar IPDs","Level",0,15.467,"T10109",1960,2,5,1960.33333333333
"T10109","A191RD",1,"Gross domestic product","1960Q3","Chained Dollar IPDs","Level",0,15.52,"T10109",1960,3,8,1960.58333333333
"T10109","A191RD",1,"Gross domestic product","1960Q4","Chained Dollar IPDs","Level",0,15.566,"T10109",1960,4,11,1960.83333333333
"T10109","A191RD",1,"Gross domestic product","1961Q1","Chained Dollar IPDs","Level",0,15.6,"T10109",1961,1,2,1961.08333333333
"T10109","A191RD",1,"Gross domestic product","1961Q2","Chained Dollar IPDs","Level",0,15.636,"T10109",1961,2,5,1961.33333333333
"T10109","A191RD",1,"Gross domestic product","1961Q3","Chained Dollar IPDs","Level",0,15.676,"T10109",1961,3,8,1961.58333333333
"T10109","A191RD",1,"Gross domestic product","1961Q4","Chained Dollar IPDs","Level",0,15.725,"T10109",1961,4,11,1961.83333333333
"T10109","A191RD",1,"Gross domestic product","1962Q1","Chained Dollar IPDs","Level",0,15.806,"T10109",1962,1,2,1962.08333333333
"T10109","A191RD",1,"Gross domestic product","1962Q2","Chained Dollar IPDs","Level",0,15.832,"T10109",1962,2,5,1962.33333333333
"T10109","A191RD",1,"Gross domestic product","1962Q3","Chained Dollar IPDs","Level",0,15.865,"T10109",1962,3,8,1962.58333333333
"T10109","A191RD",1,"Gross domestic product","1962Q4","Chained Dollar IPDs","Level",0,15.898,"T10109",1962,4,11,1962.83333333333
"T10109","A191RD",1,"Gross domestic product","1963Q1","Chained Dollar IPDs","Level",0,15.967,"T10109",1963,1,2,1963.08333333333
"T10109","A191RD",1,"Gross domestic product","1963Q2","Chained Dollar IPDs","Level",0,15.995,"T10109",1963,2,5,1963.33333333333
"T10109","A191RD",1,"Gross domestic product","1963Q3","Chained Dollar IPDs","Level",0,16.016,"T10109",1963,3,8,1963.58333333333
"T10109","A191RD",1,"Gross domestic product","1963Q4","Chained Dollar IPDs","Level",0,16.146,"T10109",1963,4,11,1963.83333333333
"T10109","A191RD",1,"Gross domestic product","1964Q1","Chained Dollar IPDs","Level",0,16.197,"T10109",1964,1,2,1964.08333333333
"T10109","A191RD",1,"Gross domestic product","1964Q2","Chained Dollar IPDs","Level",0,16.234,"T10109",1964,2,5,1964.33333333333
"T10109","A191RD",1,"Gross domestic product","1964Q3","Chained Dollar IPDs","Level",0,16.299,"T10109",1964,3,8,1964.58333333333
"T10109","A191RD",1,"Gross domestic product","1964Q4","Chained Dollar IPDs","Level",0,16.373,"T10109",1964,4,11,1964.83333333333
"T10109","A191RD",1,"Gross domestic product","1965Q1","Chained Dollar IPDs","Level",0,16.455,"T10109",1965,1,2,1965.08333333333
"T10109","A191RD",1,"Gross domestic product","1965Q2","Chained Dollar IPDs","Level",0,16.531,"T10109",1965,2,5,1965.33333333333
"T10109","A191RD",1,"Gross domestic product","1965Q3","Chained Dollar IPDs","Level",0,16.595,"T10109",1965,3,8,1965.58333333333
"T10109","A191RD",1,"Gross domestic product","1965Q4","Chained Dollar IPDs","Level",0,16.709,"T10109",1965,4,11,1965.83333333333
"T10109","A191RD",1,"Gross domestic product","1966Q1","Chained Dollar IPDs","Level",0,16.816,"T10109",1966,1,2,1966.08333333333
"T10109","A191RD",1,"Gross domestic product","1966Q2","Chained Dollar IPDs","Level",0,16.954,"T10109",1966,2,5,1966.33333333333
"T10109","A191RD",1,"Gross domestic product","1966Q3","Chained Dollar IPDs","Level",0,17.118,"T10109",1966,3,8,1966.58333333333
"T10109","A191RD",1,"Gross domestic product","1966Q4","Chained Dollar IPDs","Level",0,17.261,"T10109",1966,4,11,1966.83333333333
"T10109","A191RD",1,"Gross domestic product","1967Q1","Chained Dollar IPDs","Level",0,17.333,"T10109",1967,1,2,1967.08333333333
"T10109","A191RD",1,"Gross domestic product","1967Q2","Chained Dollar IPDs","Level",0,17.421,"T10109",1967,2,5,1967.33333333333
"T10109","A191RD",1,"Gross domestic product","1967Q3","Chained Dollar IPDs","Level",0,17.588,"T10109",1967,3,8,1967.58333333333
"T10109","A191RD",1,"Gross domestic product","1967Q4","Chained Dollar IPDs","Level",0,17.784,"T10109",1967,4,11,1967.83333333333
"T10109","A191RD",1,"Gross domestic product","1968Q1","Chained Dollar IPDs","Level",0,17.981,"T10109",1968,1,2,1968.08333333333
"T10109","A191RD",1,"Gross domestic product","1968Q2","Chained Dollar IPDs","Level",0,18.171,"T10109",1968,2,5,1968.33333333333
"T10109","A191RD",1,"Gross domestic product","1968Q3","Chained Dollar IPDs","Level",0,18.349,"T10109",1968,3,8,1968.58333333333
"T10109","A191RD",1,"Gross domestic product","1968Q4","Chained Dollar IPDs","Level",0,18.608,"T10109",1968,4,11,1968.83333333333
"T10109","A191RD",1,"Gross domestic product","1969Q1","Chained Dollar IPDs","Level",0,18.8,"T10109",1969,1,2,1969.08333333333
"T10109","A191RD",1,"Gross domestic product","1969Q2","Chained Dollar IPDs","Level",0,19.039,"T10109",1969,2,5,1969.33333333333
"T10109","A191RD",1,"Gross domestic product","1969Q3","Chained Dollar IPDs","Level",0,19.307,"T10109",1969,3,8,1969.58333333333
"T10109","A191RD",1,"Gross domestic product","1969Q4","Chained Dollar IPDs","Level",0,19.556,"T10109",1969,4,11,1969.83333333333
"T10109","A191RD",1,"Gross domestic product","1970Q1","Chained Dollar IPDs","Level",0,19.832,"T10109",1970,1,2,1970.08333333333
"T10109","A191RD",1,"Gross domestic product","1970Q2","Chained Dollar IPDs","Level",0,20.108,"T10109",1970,2,5,1970.33333333333
"T10109","A191RD",1,"Gross domestic product","1970Q3","Chained Dollar IPDs","Level",0,20.273,"T10109",1970,3,8,1970.58333333333
"T10109","A191RD",1,"Gross domestic product","1970Q4","Chained Dollar IPDs","Level",0,20.541,"T10109",1970,4,11,1970.83333333333
"T10109","A191RD",1,"Gross domestic product","1971Q1","Chained Dollar IPDs","Level",0,20.853,"T10109",1971,1,2,1971.08333333333
"T10109","A191RD",1,"Gross domestic product","1971Q2","Chained Dollar IPDs","Level",0,21.127,"T10109",1971,2,5,1971.33333333333
"T10109","A191RD",1,"Gross domestic product","1971Q3","Chained Dollar IPDs","Level",0,21.342,"T10109",1971,3,8,1971.58333333333
"T10109","A191RD",1,"Gross domestic product","1971Q4","Chained Dollar IPDs","Level",0,21.52,"T10109",1971,4,11,1971.83333333333
"T10109","A191RD",1,"Gross domestic product","1972Q1","Chained Dollar IPDs","Level",0,21.848,"T10109",1972,1,2,1972.08333333333
"T10109","A191RD",1,"Gross domestic product","1972Q2","Chained Dollar IPDs","Level",0,21.984,"T10109",1972,2,5,1972.33333333333
"T10109","A191RD",1,"Gross domestic product","1972Q3","Chained Dollar IPDs","Level",0,22.194,"T10109",1972,3,8,1972.58333333333
"T10109","A191RD",1,"Gross domestic product","1972Q4","Chained Dollar IPDs","Level",0,22.477,"T10109",1972,4,11,1972.83333333333
"T10109","A191RD",1,"Gross domestic product","1973Q1","Chained Dollar IPDs","Level",0,22.736,"T10109",1973,1,2,1973.08333333333
"T10109","A191RD",1,"Gross domestic product","1973Q2","Chained Dollar IPDs","Level",0,23.086,"T10109",1973,2,5,1973.33333333333
"T10109","A191RD",1,"Gross domestic product","1973Q3","Chained Dollar IPDs","Level",0,23.535,"T10109",1973,3,8,1973.58333333333
"T10109","A191RD",1,"Gross domestic product","1973Q4","Chained Dollar IPDs","Level",0,24.004,"T10109",1973,4,11,1973.83333333333
"T10109","A191RD",1,"Gross domestic product","1974Q1","Chained Dollar IPDs","Level",0,24.457,"T10109",1974,1,2,1974.08333333333
"T10109","A191RD",1,"Gross domestic product","1974Q2","Chained Dollar IPDs","Level",0,25.035,"T10109",1974,2,5,1974.33333333333
"T10109","A191RD",1,"Gross domestic product","1974Q3","Chained Dollar IPDs","Level",0,25.769,"T10109",1974,3,8,1974.58333333333
"T10109","A191RD",1,"Gross domestic product","1974Q4","Chained Dollar IPDs","Level",0,26.527,"T10109",1974,4,11,1974.83333333333
"T10109","A191RD",1,"Gross domestic product","1975Q1","Chained Dollar IPDs","Level",0,27.13,"T10109",1975,1,2,1975.08333333333
"T10109","A191RD",1,"Gross domestic product","1975Q2","Chained Dollar IPDs","Level",0,27.533,"T10109",1975,2,5,1975.33333333333
"T10109","A191RD",1,"Gross domestic product","1975Q3","Chained Dollar IPDs","Level",0,28.019,"T10109",1975,3,8,1975.58333333333
"T10109","A191RD",1,"Gross domestic product","1975Q4","Chained Dollar IPDs","Level",0,28.488,"T10109",1975,4,11,1975.83333333333
"T10109","A191RD",1,"Gross domestic product","1976Q1","Chained Dollar IPDs","Level",0,28.789,"T10109",1976,1,2,1976.08333333333
"T10109","A191RD",1,"Gross domestic product","1976Q2","Chained Dollar IPDs","Level",0,29.079,"T10109",1976,2,5,1976.33333333333
"T10109","A191RD",1,"Gross domestic product","1976Q3","Chained Dollar IPDs","Level",0,29.455,"T10109",1976,3,8,1976.58333333333
"T10109","A191RD",1,"Gross domestic product","1976Q4","Chained Dollar IPDs","Level",0,29.983,"T10109",1976,4,11,1976.83333333333
"T10109","A191RD",1,"Gross domestic product","1977Q1","Chained Dollar IPDs","Level",0,30.465,"T10109",1977,1,2,1977.08333333333
"T10109","A191RD",1,"Gross domestic product","1977Q2","Chained Dollar IPDs","Level",0,30.895,"T10109",1977,2,5,1977.33333333333
"T10109","A191RD",1,"Gross domestic product","1977Q3","Chained Dollar IPDs","Level",0,31.271,"T10109",1977,3,8,1977.58333333333
"T10109","A191RD",1,"Gross domestic product","1977Q4","Chained Dollar IPDs","Level",0,31.947,"T10109",1977,4,11,1977.83333333333
"T10109","A191RD",1,"Gross domestic product","1978Q1","Chained Dollar IPDs","Level",0,32.411,"T10109",1978,1,2,1978.08333333333
"T10109","A191RD",1,"Gross domestic product","1978Q2","Chained Dollar IPDs","Level",0,33.031,"T10109",1978,2,5,1978.33333333333
"T10109","A191RD",1,"Gross domestic product","1978Q3","Chained Dollar IPDs","Level",0,33.592,"T10109",1978,3,8,1978.58333333333
"T10109","A191RD",1,"Gross domestic product","1978Q4","Chained Dollar IPDs","Level",0,34.279,"T10109",1978,4,11,1978.83333333333
"T10109","A191RD",1,"Gross domestic product","1979Q1","Chained Dollar IPDs","Level",0,34.904,"T10109",1979,1,2,1979.08333333333
"T10109","A191RD",1,"Gross domestic product","1979Q2","Chained Dollar IPDs","Level",0,35.759,"T10109",1979,2,5,1979.33333333333
"T10109","A191RD",1,"Gross domestic product","1979Q3","Chained Dollar IPDs","Level",0,36.541,"T10109",1979,3,8,1979.58333333333
"T10109","A191RD",1,"Gross domestic product","1979Q4","Chained Dollar IPDs","Level",0,37.219,"T10109",1979,4,11,1979.83333333333
"T10109","A191RD",1,"Gross domestic product","1980Q1","Chained Dollar IPDs","Level",0,38.001,"T10109",1980,1,2,1980.08333333333
"T10109","A191RD",1,"Gross domestic product","1980Q2","Chained Dollar IPDs","Level",0,38.905,"T10109",1980,2,5,1980.33333333333
"T10109","A191RD",1,"Gross domestic product","1980Q3","Chained Dollar IPDs","Level",0,39.774,"T10109",1980,3,8,1980.58333333333
"T10109","A191RD",1,"Gross domestic product","1980Q4","Chained Dollar IPDs","Level",0,40.81,"T10109",1980,4,11,1980.83333333333
"T10109","A191RD",1,"Gross domestic product","1981Q1","Chained Dollar IPDs","Level",0,41.885,"T10109",1981,1,2,1981.08333333333
"T10109","A191RD",1,"Gross domestic product","1981Q2","Chained Dollar IPDs","Level",0,42.715,"T10109",1981,2,5,1981.33333333333
"T10109","A191RD",1,"Gross domestic product","1981Q3","Chained Dollar IPDs","Level",0,43.519,"T10109",1981,3,8,1981.58333333333
"T10109","A191RD",1,"Gross domestic product","1981Q4","Chained Dollar IPDs","Level",0,44.271,"T10109",1981,4,11,1981.83333333333
"T10109","A191RD",1,"Gross domestic product","1982Q1","Chained Dollar IPDs","Level",0,44.88,"T10109",1982,1,2,1982.08333333333
"T10109","A191RD",1,"Gross domestic product","1982Q2","Chained Dollar IPDs","Level",0,45.463,"T10109",1982,2,5,1982.33333333333
"T10109","A191RD",1,"Gross domestic product","1982Q3","Chained Dollar IPDs","Level",0,46.108,"T10109",1982,3,8,1982.58333333333
"T10109","A191RD",1,"Gross domestic product","1982Q4","Chained Dollar IPDs","Level",0,46.586,"T10109",1982,4,11,1982.83333333333
"T10109","A191RD",1,"Gross domestic product","1983Q1","Chained Dollar IPDs","Level",0,46.938,"T10109",1983,1,2,1983.08333333333
"T10109","A191RD",1,"Gross domestic product","1983Q2","Chained Dollar IPDs","Level",0,47.286,"T10109",1983,2,5,1983.33333333333
"T10109","A191RD",1,"Gross domestic product","1983Q3","Chained Dollar IPDs","Level",0,47.789,"T10109",1983,3,8,1983.58333333333
"T10109","A191RD",1,"Gross domestic product","1983Q4","Chained Dollar IPDs","Level",0,48.151,"T10109",1983,4,11,1983.83333333333
"T10109","A191RD",1,"Gross domestic product","1984Q1","Chained Dollar IPDs","Level",0,48.639,"T10109",1984,1,2,1984.08333333333
"T10109","A191RD",1,"Gross domestic product","1984Q2","Chained Dollar IPDs","Level",0,49.055,"T10109",1984,2,5,1984.33333333333
"T10109","A191RD",1,"Gross domestic product","1984Q3","Chained Dollar IPDs","Level",0,49.491,"T10109",1984,3,8,1984.58333333333
"T10109","A191RD",1,"Gross domestic product","1984Q4","Chained Dollar IPDs","Level",0,49.861,"T10109",1984,4,11,1984.83333333333
"T10109","A191RD",1,"Gross domestic product","1985Q1","Chained Dollar IPDs","Level",0,50.354,"T10109",1985,1,2,1985.08333333333
"T10109","A191RD",1,"Gross domestic product","1985Q2","Chained Dollar IPDs","Level",0,50.678,"T10109",1985,2,5,1985.33333333333
"T10109","A191RD",1,"Gross domestic product","1985Q3","Chained Dollar IPDs","Level",0,50.984,"T10109",1985,3,8,1985.58333333333
"T10109","A191RD",1,"Gross domestic product","1985Q4","Chained Dollar IPDs","Level",0,51.269,"T10109",1985,4,11,1985.83333333333
"T10109","A191RD",1,"Gross domestic product","1986Q1","Chained Dollar IPDs","Level",0,51.524,"T10109",1986,1,2,1986.08333333333
"T10109","A191RD",1,"Gross domestic product","1986Q2","Chained Dollar IPDs","Level",0,51.719,"T10109",1986,2,5,1986.33333333333
"T10109","A191RD",1,"Gross domestic product","1986Q3","Chained Dollar IPDs","Level",0,51.931,"T10109",1986,3,8,1986.58333333333
"T10109","A191RD",1,"Gross domestic product","1986Q4","Chained Dollar IPDs","Level",0,52.214,"T10109",1986,4,11,1986.83333333333
"T10109","A191RD",1,"Gross domestic product","1987Q1","Chained Dollar IPDs","Level",0,52.548,"T10109",1987,1,2,1987.08333333333
"T10109","A191RD",1,"Gross domestic product","1987Q2","Chained Dollar IPDs","Level",0,52.912,"T10109",1987,2,5,1987.33333333333
"T10109","A191RD",1,"Gross domestic product","1987Q3","Chained Dollar IPDs","Level",0,53.313,"T10109",1987,3,8,1987.58333333333
"T10109","A191RD",1,"Gross domestic product","1987Q4","Chained Dollar IPDs","Level",0,53.738,"T10109",1987,4,11,1987.83333333333
"T10109","A191RD",1,"Gross domestic product","1988Q1","Chained Dollar IPDs","Level",0,54.159,"T10109",1988,1,2,1988.08333333333
"T10109","A191RD",1,"Gross domestic product","1988Q2","Chained Dollar IPDs","Level",0,54.686,"T10109",1988,2,5,1988.33333333333
"T10109","A191RD",1,"Gross domestic product","1988Q3","Chained Dollar IPDs","Level",0,55.34,"T10109",1988,3,8,1988.58333333333
"T10109","A191RD",1,"Gross domestic product","1988Q4","Chained Dollar IPDs","Level",0,55.818,"T10109",1988,4,11,1988.83333333333
"T10109","A191RD",1,"Gross domestic product","1989Q1","Chained Dollar IPDs","Level",0,56.4,"T10109",1989,1,2,1989.08333333333
"T10109","A191RD",1,"Gross domestic product","1989Q2","Chained Dollar IPDs","Level",0,57.001,"T10109",1989,2,5,1989.33333333333
"T10109","A191RD",1,"Gross domestic product","1989Q3","Chained Dollar IPDs","Level",0,57.417,"T10109",1989,3,8,1989.58333333333
"T10109","A191RD",1,"Gross domestic product","1989Q4","Chained Dollar IPDs","Level",0,57.826,"T10109",1989,4,11,1989.83333333333
"T10109","A191RD",1,"Gross domestic product","1990Q1","Chained Dollar IPDs","Level",0,58.45,"T10109",1990,1,2,1990.08333333333
"T10109","A191RD",1,"Gross domestic product","1990Q2","Chained Dollar IPDs","Level",0,59.105,"T10109",1990,2,5,1990.33333333333
"T10109","A191RD",1,"Gross domestic product","1990Q3","Chained Dollar IPDs","Level",0,59.611,"T10109",1990,3,8,1990.58333333333
"T10109","A191RD",1,"Gross domestic product","1990Q4","Chained Dollar IPDs","Level",0,60.055,"T10109",1990,4,11,1990.83333333333
"T10109","A191RD",1,"Gross domestic product","1991Q1","Chained Dollar IPDs","Level",0,60.643,"T10109",1991,1,2,1991.08333333333
"T10109","A191RD",1,"Gross domestic product","1991Q2","Chained Dollar IPDs","Level",0,61.088,"T10109",1991,2,5,1991.33333333333
"T10109","A191RD",1,"Gross domestic product","1991Q3","Chained Dollar IPDs","Level",0,61.566,"T10109",1991,3,8,1991.58333333333
"T10109","A191RD",1,"Gross domestic product","1991Q4","Chained Dollar IPDs","Level",0,61.931,"T10109",1991,4,11,1991.83333333333
"T10109","A191RD",1,"Gross domestic product","1992Q1","Chained Dollar IPDs","Level",0,62.161,"T10109",1992,1,2,1992.08333333333
"T10109","A191RD",1,"Gross domestic product","1992Q2","Chained Dollar IPDs","Level",0,62.535,"T10109",1992,2,5,1992.33333333333
"T10109","A191RD",1,"Gross domestic product","1992Q3","Chained Dollar IPDs","Level",0,62.841,"T10109",1992,3,8,1992.58333333333
"T10109","A191RD",1,"Gross domestic product","1992Q4","Chained Dollar IPDs","Level",0,63.273,"T10109",1992,4,11,1992.83333333333
"T10109","A191RD",1,"Gross domestic product","1993Q1","Chained Dollar IPDs","Level",0,63.628,"T10109",1993,1,2,1993.08333333333
"T10109","A191RD",1,"Gross domestic product","1993Q2","Chained Dollar IPDs","Level",0,64.007,"T10109",1993,2,5,1993.33333333333
"T10109","A191RD",1,"Gross domestic product","1993Q3","Chained Dollar IPDs","Level",0,64.387,"T10109",1993,3,8,1993.58333333333
"T10109","A191RD",1,"Gross domestic product","1993Q4","Chained Dollar IPDs","Level",0,64.738,"T10109",1993,4,11,1993.83333333333
"T10109","A191RD",1,"Gross domestic product","1994Q1","Chained Dollar IPDs","Level",0,65.048,"T10109",1994,1,2,1994.08333333333
"T10109","A191RD",1,"Gross domestic product","1994Q2","Chained Dollar IPDs","Level",0,65.362,"T10109",1994,2,5,1994.33333333333
"T10109","A191RD",1,"Gross domestic product","1994Q3","Chained Dollar IPDs","Level",0,65.737,"T10109",1994,3,8,1994.58333333333
"T10109","A191RD",1,"Gross domestic product","1994Q4","Chained Dollar IPDs","Level",0,66.093,"T10109",1994,4,11,1994.83333333333
"T10109","A191RD",1,"Gross domestic product","1995Q1","Chained Dollar IPDs","Level",0,66.452,"T10109",1995,1,2,1995.08333333333
"T10109","A191RD",1,"Gross domestic product","1995Q2","Chained Dollar IPDs","Level",0,66.771,"T10109",1995,2,5,1995.33333333333
"T10109","A191RD",1,"Gross domestic product","1995Q3","Chained Dollar IPDs","Level",0,67.1,"T10109",1995,3,8,1995.58333333333
"T10109","A191RD",1,"Gross domestic product","1995Q4","Chained Dollar IPDs","Level",0,67.423,"T10109",1995,4,11,1995.83333333333
"T10109","A191RD",1,"Gross domestic product","1996Q1","Chained Dollar IPDs","Level",0,67.747,"T10109",1996,1,2,1996.08333333333
"T10109","A191RD",1,"Gross domestic product","1996Q2","Chained Dollar IPDs","Level",0,68.028,"T10109",1996,2,5,1996.33333333333
"T10109","A191RD",1,"Gross domestic product","1996Q3","Chained Dollar IPDs","Level",0,68.251,"T10109",1996,3,8,1996.58333333333
"T10109","A191RD",1,"Gross domestic product","1996Q4","Chained Dollar IPDs","Level",0,68.615,"T10109",1996,4,11,1996.83333333333
"T10109","A191RD",1,"Gross domestic product","1997Q1","Chained Dollar IPDs","Level",0,69.025,"T10109",1997,1,2,1997.08333333333
"T10109","A191RD",1,"Gross domestic product","1997Q2","Chained Dollar IPDs","Level",0,69.162,"T10109",1997,2,5,1997.33333333333
"T10109","A191RD",1,"Gross domestic product","1997Q3","Chained Dollar IPDs","Level",0,69.464,"T10109",1997,3,8,1997.58333333333
"T10109","A191RD",1,"Gross domestic product","1997Q4","Chained Dollar IPDs","Level",0,69.695,"T10109",1997,4,11,1997.83333333333
"T10109","A191RD",1,"Gross domestic product","1998Q1","Chained Dollar IPDs","Level",0,69.794,"T10109",1998,1,2,1998.08333333333
"T10109","A191RD",1,"Gross domestic product","1998Q2","Chained Dollar IPDs","Level",0,69.959,"T10109",1998,2,5,1998.33333333333
"T10109","A191RD",1,"Gross domestic product","1998Q3","Chained Dollar IPDs","Level",0,70.255,"T10109",1998,3,8,1998.58333333333
"T10109","A191RD",1,"Gross domestic product","1998Q4","Chained Dollar IPDs","Level",0,70.453,"T10109",1998,4,11,1998.83333333333
"T10109","A191RD",1,"Gross domestic product","1999Q1","Chained Dollar IPDs","Level",0,70.682,"T10109",1999,1,2,1999.08333333333
"T10109","A191RD",1,"Gross domestic product","1999Q2","Chained Dollar IPDs","Level",0,70.949,"T10109",1999,2,5,1999.33333333333
"T10109","A191RD",1,"Gross domestic product","1999Q3","Chained Dollar IPDs","Level",0,71.2,"T10109",1999,3,8,1999.58333333333
"T10109","A191RD",1,"Gross domestic product","1999Q4","Chained Dollar IPDs","Level",0,71.595,"T10109",1999,4,11,1999.83333333333
"T10109","A191RD",1,"Gross domestic product","2000Q1","Chained Dollar IPDs","Level",0,72.071,"T10109",2000,1,2,2000.08333333333
"T10109","A191RD",1,"Gross domestic product","2000Q2","Chained Dollar IPDs","Level",0,72.52,"T10109",2000,2,5,2000.33333333333
"T10109","A191RD",1,"Gross domestic product","2000Q3","Chained Dollar IPDs","Level",0,72.944,"T10109",2000,3,8,2000.58333333333
"T10109","A191RD",1,"Gross domestic product","2000Q4","Chained Dollar IPDs","Level",0,73.337,"T10109",2000,4,11,2000.83333333333
"T10109","A191RD",1,"Gross domestic product","2001Q1","Chained Dollar IPDs","Level",0,73.822,"T10109",2001,1,2,2001.08333333333
"T10109","A191RD",1,"Gross domestic product","2001Q2","Chained Dollar IPDs","Level",0,74.266,"T10109",2001,2,5,2001.33333333333
"T10109","A191RD",1,"Gross domestic product","2001Q3","Chained Dollar IPDs","Level",0,74.558,"T10109",2001,3,8,2001.58333333333
"T10109","A191RD",1,"Gross domestic product","2001Q4","Chained Dollar IPDs","Level",0,74.792,"T10109",2001,4,11,2001.83333333333
"T10109","A191RD",1,"Gross domestic product","2002Q1","Chained Dollar IPDs","Level",0,75.027,"T10109",2002,1,2,2002.08333333333
"T10109","A191RD",1,"Gross domestic product","2002Q2","Chained Dollar IPDs","Level",0,75.289,"T10109",2002,2,5,2002.33333333333
"T10109","A191RD",1,"Gross domestic product","2002Q3","Chained Dollar IPDs","Level",0,75.65,"T10109",2002,3,8,2002.58333333333
"T10109","A191RD",1,"Gross domestic product","2002Q4","Chained Dollar IPDs","Level",0,76.089,"T10109",2002,4,11,2002.83333333333
"T10109","A191RD",1,"Gross domestic product","2003Q1","Chained Dollar IPDs","Level",0,76.461,"T10109",2003,1,2,2003.08333333333
"T10109","A191RD",1,"Gross domestic product","2003Q2","Chained Dollar IPDs","Level",0,76.73,"T10109",2003,2,5,2003.33333333333
"T10109","A191RD",1,"Gross domestic product","2003Q3","Chained Dollar IPDs","Level",0,77.169,"T10109",2003,3,8,2003.58333333333
"T10109","A191RD",1,"Gross domestic product","2003Q4","Chained Dollar IPDs","Level",0,77.639,"T10109",2003,4,11,2003.83333333333
"T10109","A191RD",1,"Gross domestic product","2004Q1","Chained Dollar IPDs","Level",0,78.193,"T10109",2004,1,2,2004.08333333333
"T10109","A191RD",1,"Gross domestic product","2004Q2","Chained Dollar IPDs","Level",0,78.824,"T10109",2004,2,5,2004.33333333333
"T10109","A191RD",1,"Gross domestic product","2004Q3","Chained Dollar IPDs","Level",0,79.324,"T10109",2004,3,8,2004.58333333333
"T10109","A191RD",1,"Gross domestic product","2004Q4","Chained Dollar IPDs","Level",0,79.939,"T10109",2004,4,11,2004.83333333333
"T10109","A191RD",1,"Gross domestic product","2005Q1","Chained Dollar IPDs","Level",0,80.578,"T10109",2005,1,2,2005.08333333333
"T10109","A191RD",1,"Gross domestic product","2005Q2","Chained Dollar IPDs","Level",0,81.158,"T10109",2005,2,5,2005.33333333333
"T10109","A191RD",1,"Gross domestic product","2005Q3","Chained Dollar IPDs","Level",0,81.898,"T10109",2005,3,8,2005.58333333333
"T10109","A191RD",1,"Gross domestic product","2005Q4","Chained Dollar IPDs","Level",0,82.571,"T10109",2005,4,11,2005.83333333333
"T10109","A191RD",1,"Gross domestic product","2006Q1","Chained Dollar IPDs","Level",0,83.156,"T10109",2006,1,2,2006.08333333333
"T10109","A191RD",1,"Gross domestic product","2006Q2","Chained Dollar IPDs","Level",0,83.882,"T10109",2006,2,5,2006.33333333333
"T10109","A191RD",1,"Gross domestic product","2006Q3","Chained Dollar IPDs","Level",0,84.468,"T10109",2006,3,8,2006.58333333333
"T10109","A191RD",1,"Gross domestic product","2006Q4","Chained Dollar IPDs","Level",0,84.77,"T10109",2006,4,11,2006.83333333333
"T10109","A191RD",1,"Gross domestic product","2007Q1","Chained Dollar IPDs","Level",0,85.576,"T10109",2007,1,2,2007.08333333333
"T10109","A191RD",1,"Gross domestic product","2007Q2","Chained Dollar IPDs","Level",0,86.171,"T10109",2007,2,5,2007.33333333333
"T10109","A191RD",1,"Gross domestic product","2007Q3","Chained Dollar IPDs","Level",0,86.642,"T10109",2007,3,8,2007.58333333333
"T10109","A191RD",1,"Gross domestic product","2007Q4","Chained Dollar IPDs","Level",0,86.993,"T10109",2007,4,11,2007.83333333333
"T10109","A191RD",1,"Gross domestic product","2008Q1","Chained Dollar IPDs","Level",0,87.315,"T10109",2008,1,2,2008.08333333333
"T10109","A191RD",1,"Gross domestic product","2008Q2","Chained Dollar IPDs","Level",0,87.738,"T10109",2008,2,5,2008.33333333333
"T10109","A191RD",1,"Gross domestic product","2008Q3","Chained Dollar IPDs","Level",0,88.399,"T10109",2008,3,8,2008.58333333333
"T10109","A191RD",1,"Gross domestic product","2008Q4","Chained Dollar IPDs","Level",0,88.613,"T10109",2008,4,11,2008.83333333333
"T10109","A191RD",1,"Gross domestic product","2009Q1","Chained Dollar IPDs","Level",0,88.543,"T10109",2009,1,2,2009.08333333333
"T10109","A191RD",1,"Gross domestic product","2009Q2","Chained Dollar IPDs","Level",0,88.396,"T10109",2009,2,5,2009.33333333333
"T10109","A191RD",1,"Gross domestic product","2009Q3","Chained Dollar IPDs","Level",0,88.501,"T10109",2009,3,8,2009.58333333333
"T10109","A191RD",1,"Gross domestic product","2009Q4","Chained Dollar IPDs","Level",0,88.781,"T10109",2009,4,11,2009.83333333333
"T10109","A191RD",1,"Gross domestic product","2010Q1","Chained Dollar IPDs","Level",0,89.036,"T10109",2010,1,2,2010.08333333333
"T10109","A191RD",1,"Gross domestic product","2010Q2","Chained Dollar IPDs","Level",0,89.471,"T10109",2010,2,5,2010.33333333333
"T10109","A191RD",1,"Gross domestic product","2010Q3","Chained Dollar IPDs","Level",0,89.743,"T10109",2010,3,8,2010.58333333333
"T10109","A191RD",1,"Gross domestic product","2010Q4","Chained Dollar IPDs","Level",0,90.264,"T10109",2010,4,11,2010.83333333333
"T10109","A191RD",1,"Gross domestic product","2011Q1","Chained Dollar IPDs","Level",0,90.726,"T10109",2011,1,2,2011.08333333333
"T10109","A191RD",1,"Gross domestic product","2011Q2","Chained Dollar IPDs","Level",0,91.326,"T10109",2011,2,5,2011.33333333333
"T10109","A191RD",1,"Gross domestic product","2011Q3","Chained Dollar IPDs","Level",0,91.876,"T10109",2011,3,8,2011.58333333333
"T10109","A191RD",1,"Gross domestic product","2011Q4","Chained Dollar IPDs","Level",0,91.985,"T10109",2011,4,11,2011.83333333333
"T10109","A191RD",1,"Gross domestic product","2012Q1","Chained Dollar IPDs","Level",0,92.525,"T10109",2012,1,2,2012.08333333333
"T10109","A191RD",1,"Gross domestic product","2012Q2","Chained Dollar IPDs","Level",0,92.907,"T10109",2012,2,5,2012.33333333333
"T10109","A191RD",1,"Gross domestic product","2012Q3","Chained Dollar IPDs","Level",0,93.417,"T10109",2012,3,8,2012.58333333333
"T10109","A191RD",1,"Gross domestic product","2012Q4","Chained Dollar IPDs","Level",0,93.885,"T10109",2012,4,11,2012.83333333333
"T10109","A191RD",1,"Gross domestic product","2013Q1","Chained Dollar IPDs","Level",0,94.258,"T10109",2013,1,2,2013.08333333333
"T10109","A191RD",1,"Gross domestic product","2013Q2","Chained Dollar IPDs","Level",0,94.461,"T10109",2013,2,5,2013.33333333333
"T10109","A191RD",1,"Gross domestic product","2013Q3","Chained Dollar IPDs","Level",0,94.924,"T10109",2013,3,8,2013.58333333333
"T10109","A191RD",1,"Gross domestic product","2013Q4","Chained Dollar IPDs","Level",0,95.426,"T10109",2013,4,11,2013.83333333333
"T10109","A191RD",1,"Gross domestic product","2014Q1","Chained Dollar IPDs","Level",0,95.788,"T10109",2014,1,2,2014.08333333333
"T10109","A191RD",1,"Gross domestic product","2014Q2","Chained Dollar IPDs","Level",0,96.33,"T10109",2014,2,5,2014.33333333333
"T10109","A191RD",1,"Gross domestic product","2014Q3","Chained Dollar IPDs","Level",0,96.726,"T10109",2014,3,8,2014.58333333333
"T10109","A191RD",1,"Gross domestic product","2014Q4","Chained Dollar IPDs","Level",0,96.822,"T10109",2014,4,11,2014.83333333333
"T10109","A191RD",1,"Gross domestic product","2015Q1","Chained Dollar IPDs","Level",0,96.769,"T10109",2015,1,2,2015.08333333333
"T10109","A191RD",1,"Gross domestic product","2015Q2","Chained Dollar IPDs","Level",0,97.325,"T10109",2015,2,5,2015.33333333333
"T10109","A191RD",1,"Gross domestic product","2015Q3","Chained Dollar IPDs","Level",0,97.583,"T10109",2015,3,8,2015.58333333333
"T10109","A191RD",1,"Gross domestic product","2015Q4","Chained Dollar IPDs","Level",0,97.581,"T10109",2015,4,11,2015.83333333333
"T10109","A191RD",1,"Gross domestic product","2016Q1","Chained Dollar IPDs","Level",0,97.496,"T10109",2016,1,2,2016.08333333333
"T10109","A191RD",1,"Gross domestic product","2016Q2","Chained Dollar IPDs","Level",0,98.159,"T10109",2016,2,5,2016.33333333333
"T10109","A191RD",1,"Gross domestic product","2016Q3","Chained Dollar IPDs","Level",0,98.41,"T10109",2016,3,8,2016.58333333333
"T10109","A191RD",1,"Gross domestic product","2016Q4","Chained Dollar IPDs","Level",0,98.886,"T10109",2016,4,11,2016.83333333333
"T10109","A191RD",1,"Gross domestic product","2017Q1","Chained Dollar IPDs","Level",0,99.39,"T10109",2017,1,2,2017.08333333333
"T10109","A191RD",1,"Gross domestic product","2017Q2","Chained Dollar IPDs","Level",0,99.65,"T10109",2017,2,5,2017.33333333333
"T10109","A191RD",1,"Gross domestic product","2017Q3","Chained Dollar IPDs","Level",0,100.162,"T10109",2017,3,8,2017.58333333333
"T10109","A191RD",1,"Gross domestic product","2017Q4","Chained Dollar IPDs","Level",0,100.778,"T10109",2017,4,11,2017.83333333333
"T10109","A191RD",1,"Gross domestic product","2018Q1","Chained Dollar IPDs","Level",0,101.419,"T10109",2018,1,2,2018.08333333333
"T10109","A191RD",1,"Gross domestic product","2018Q2","Chained Dollar IPDs","Level",0,102.136,"T10109",2018,2,5,2018.33333333333
"T10109","A191RD",1,"Gross domestic product","2018Q3","Chained Dollar IPDs","Level",0,102.577,"T10109",2018,3,8,2018.58333333333
"T10109","A191RD",1,"Gross domestic product","2018Q4","Chained Dollar IPDs","Level",0,103.019,"T10109",2018,4,11,2018.83333333333
"T10109","A191RD",1,"Gross domestic product","2019Q1","Chained Dollar IPDs","Level",0,103.328,"T10109",2019,1,2,2019.08333333333
"T10109","A191RD",1,"Gross domestic product","2019Q2","Chained Dollar IPDs","Level",0,103.862,"T10109",2019,2,5,2019.33333333333
"T10109","A191RD",1,"Gross domestic product","2019Q3","Chained Dollar IPDs","Level",0,104.192,"T10109",2019,3,8,2019.58333333333
"T10109","A191RD",1,"Gross domestic product","2019Q4","Chained Dollar IPDs","Level",0,104.516,"T10109",2019,4,11,2019.83333333333
"T10109","A191RD",1,"Gross domestic product","2020Q1","Chained Dollar IPDs","Level",0,105.032,"T10109",2020,1,2,2020.08333333333
"T10109","A191RD",1,"Gross domestic product","2020Q2","Chained Dollar IPDs","Level",0,104.614,"T10109",2020,2,5,2020.33333333333
"T10109","A191RD",1,"Gross domestic product","2020Q3","Chained Dollar IPDs","Level",0,105.572,"T10109",2020,3,8,2020.58333333333
"T10109","A191RD",1,"Gross domestic product","2020Q4","Chained Dollar IPDs","Level",0,106.23,"T10109",2020,4,11,2020.83333333333
"T10109","A191RD",1,"Gross domestic product","2021Q1","Chained Dollar IPDs","Level",0,107.583,"T10109",2021,1,2,2021.08333333333
"T10109","A191RD",1,"Gross domestic product","2021Q2","Chained Dollar IPDs","Level",0,109.258,"T10109",2021,2,5,2021.33333333333
"T10109","A191RD",1,"Gross domestic product","2021Q3","Chained Dollar IPDs","Level",0,110.938,"T10109",2021,3,8,2021.58333333333
"T10109","A191RD",1,"Gross domestic product","2021Q4","Chained Dollar IPDs","Level",0,112.847,"T10109",2021,4,11,2021.83333333333
"T10109","A191RD",1,"Gross domestic product","2022Q1","Chained Dollar IPDs","Level",0,115.126,"T10109",2022,1,2,2022.08333333333
"T10109","A191RD",1,"Gross domestic product","2022Q2","Chained Dollar IPDs","Level",0,117.728,"T10109",2022,2,5,2022.33333333333
"T10109","A191RD",1,"Gross domestic product","2022Q3","Chained Dollar IPDs","Level",0,119.031,"T10109",2022,3,8,2022.58333333333
"T10109","A191RD",1,"Gross domestic product","2022Q4","Chained Dollar IPDs","Level",0,120.164,"T10109",2022,4,11,2022.83333333333
"T10109","A191RD",1,"Gross domestic product","2023Q1","Chained Dollar IPDs","Level",0,121.288,"T10109",2023,1,2,2023.08333333333
"T10109","A191RD",1,"Gross domestic product","2023Q2","Chained Dollar IPDs","Level",0,121.92,"T10109",2023,2,5,2023.33333333333
"T10109","A191RD",1,"Gross domestic product","2023Q3","Chained Dollar IPDs","Level",0,122.914,"T10109",2023,3,8,2023.58333333333
"T10109","A191RD",1,"Gross domestic product","2023Q4","Chained Dollar IPDs","Level",0,123.405,"T10109",2023,4,11,2023.83333333333
"T10109","A191RD",1,"Gross domestic product","2024Q1","Chained Dollar IPDs","Level",0,124.374,"T10109",2024,1,2,2024.08333333333
"T10109","A191RD",1,"Gross domestic product","2024Q2","Chained Dollar IPDs","Level",0,125.167,"T10109",2024,2,5,2024.33333333333
"T10109","A191RD",1,"Gross domestic product","2024Q3","Chained Dollar IPDs","Level",0,125.696,"T10109",2024,3,8,2024.58333333333
"T10109","A191RD",1,"Gross domestic product","2024Q4","Chained Dollar IPDs","Level",0,126.45,"T10109",2024,4,11,2024.83333333333
"T10109","A191RD",1,"Gross domestic product","2025Q1","Chained Dollar IPDs","Level",0,127.577,"T10109",2025,1,2,2025.08333333333
"T10109","A191RD",1,"Gross domestic product","2025Q2","Chained Dollar IPDs","Level",0,128.248,"T10109",2025,2,5,2025.33333333333
